,Unstruct 50%,Unstruct 70%,Unstruct 90%,Struct 25%,Struct 50%,Gradual 70%,Gradual 90%,INT8 (unpruned),Unstruct 70% + INT8,Struct 50% + INT8,Gradual 70% + INT8
Accuracy (%),89.11150291,84.74648715,65.45920821,89.08478923,85.42501469,85.03499492,65.52866378,89.56029278,84.61291874,85.27541807,84.96019661
Precision (macro),0.766619443,0.681249879,0.100130749,0.770106611,0.707504454,0.698854568,0.09895994,0.776418893,0.677911254,0.705426138,0.69845255
Recall (macro),0.715599822,0.591677186,0.069674621,0.715663404,0.614250084,0.600135535,0.070482408,0.726951903,0.588382977,0.610562642,0.597707488
Macro-F1,0.735855809,0.623328009,0.065946925,0.737823231,0.646812305,0.632265382,0.063232653,0.747306176,0.619537076,0.643865144,0.630597842
Parameter Count (stored),3729269,3729269,3729269,3137909,2546549,3729269,3729269,3729269,3729269,2546549,3729269
Non-zero Parameters,1959797,1252021,544237,3137909,2546549,1252020,544237,3650304,1250143,2496012,1250112
Sparsity (% zero params),47.44822645,66.4271738,85.40633567,0,0,66.42720061,85.40633567,2.117439101,66.47753219,1.984528866,66.47836345
"Model Size (MB, file)",14.946474,14.946474,14.946474,12.581034,10.215594,14.946474,14.946474,3.851798,3.851798,2.659862,3.851798
Model Size gzip (MB),8.570988,6.012166,3.1478,11.665274,9.467838,6.010114,3.146674,3.178132,1.736963,2.211646,1.735102
"MACs (M, counted on executed ops)",645.651456,645.651456,645.651456,551.279616,456.907776,645.651456,645.651456,N/A,N/A,N/A,N/A
"FLOPs (M, counted on executed ops)",1291.302912,1291.302912,1291.302912,1102.559232,913.815552,1291.302912,1291.302912,N/A,N/A,N/A,N/A
[calc] MACs if zero weights were skipped (M),362.535936,249.291776,136.046336,551.279616,456.907776,249.291616,136.046336,N/A,N/A,N/A,N/A
"Activation Mem, hooked layers (MB, BS=1)",19.906772,19.906772,19.906772,16.957652,14.008532,19.906772,19.906772,10.93632,10.93632,7.00416,10.93632
Peak RAM during eval (MB above baseline),0.032768,0.04096,0.049152,0.004096,0.004096,0.004096,0.008192,0.073728,0.073728,0.118784,66.822144
Latency BS=1 mean (ms),5.90736526,5.9754622,7.72493247,7.80471966,8.60774769,5.8495852,5.9422663,36.44112157,24.69729905,20.97123222,34.39222415
Latency BS=1 P95 (ms),6.3965651,7.7723195,9.38373425,9.4010512,10.79579025,7.0702584,7.53001075,41.37114065,28.1856814,24.2036686,42.0990876
Latency BS=1 P99 (ms),8.914696899,8.18465762,10.10235422,10.20930914,11.33655006,11.37266764,9.28034114,43.56296002,37.44928929,31.90954908,48.04163767
Throughput BS=32 full test (samples/s),1487.679384,1469.174396,1448.306336,1591.282267,1785.086357,1456.284189,1419.476007,46.42062465,46.40675513,58.64595084,43.24894939
CPU Utilization (% of 1 core),100.1180383,100.4199487,100.3903323,100.1899118,101.0138448,100.1328403,100.2789131,100.7983163,100.7442301,100.7721456,100.7692555
Accuracy Drop vs FP32 (pp),0.593043757,4.958059518,24.24533846,0.61975744,4.279531976,4.669551744,24.17588289,0.144253887,5.091627932,4.4291286,4.744350056
"Quantization Accuracy Drop (pp, vs its float parent)",N/A,N/A,N/A,N/A,N/A,N/A,N/A,0.144253887,0.133568414,0.149596623,0.074798312
Numerical Error: max |logit diff| vs FP32,43.00389481,71.45666504,111.350174,72.07872772,79.87510681,75.87117004,115.3063812,10.74354935,72.78659821,79.22158051,76.28395081
Numerical Error: mean |logit diff| vs FP32,4.395606041,13.34223366,84.36875153,15.88812923,34.89713669,14.01256466,85.13182831,0.284092307,13.40765762,34.73790359,14.07746601
Top-1 agreement with FP32 (%),95.41593194,89.17561769,68.01303625,94.7748065,89.38932419,89.43206668,68.07714701,98.78185391,88.98327947,89.25575614,89.36795592
Data Movement (cache/DRAM traffic),N/A,N/A,N/A,N/A,N/A,N/A,N/A,N/A,N/A,N/A,N/A
"Energy per sample (mJ, CPU package)",N/A,N/A,N/A,N/A,N/A,N/A,N/A,N/A,N/A,N/A,N/A
"Average Power (W, CPU package)",N/A,N/A,N/A,N/A,N/A,N/A,N/A,N/A,N/A,N/A,N/A
Latency BS=1 (ms/batch),5.7178764,5.7951308,7.3873672,7.518833,5.4688224,5.5140958,5.4475416,35.2196196,27.4845024,19.8983918,35.1449778
Throughput BS=1 (samples/s),174.8901043,172.5586591,135.3662236,132.9993631,182.8547221,181.3533962,183.5690433,28.39326521,36.38414061,50.25531762,28.45356755
Latency BS=8 (ms/batch),5.8826852,6.5252884,8.3565566,8.7513366,6.2070706,6.004571,6.4561606,225.2571226,149.7949294,114.9087648,233.3504472
Throughput BS=8 (samples/s),1359.923186,1225.999452,957.3321145,914.1460746,1288.852748,1332.318329,1239.126548,35.51497022,53.40634714,69.62045075,34.28319978
Latency BS=32 (ms/batch),24.3229554,21.9468316,22.1689886,21.322819,19.8957958,24.3310526,22.3368136,596.730597,789.5712226,458.167046,593.9530788
Throughput BS=32 (samples/s),1315.629597,1458.069237,1443.457822,1500.739654,1608.379998,1315.191764,1432.612573,53.62553916,40.52832611,69.84352166,53.87630967
"Accuracy right after pruning, before fine-tune (%)",88.48640274,75.61575039,63.54116579,78.83207779,67.62301651,,,,,,
Fine-tune steps,200,200,200,200,200,200,200,,,,
