,FP32,FP16,INT8 Dynamic,INT8 PTQ
Accuracy (%),89.70454667,89.69920393,89.56029278,71.6567826
Precision (macro),0.779194525,0.778833356,0.776418893,0.842908919
Recall (macro),0.731605357,0.731280294,0.726951903,0.237290121
Macro-F1,0.751091042,0.750729305,0.747306176,0.335078053
Parameter Count,3729269,3729269,3729269,3729269
Model Size (MB),14.946474,7.487914,3.851798,4.251585
MACs (M),645.651456,645.651456,N/A,N/A
FLOPs (M),1291.302912,1291.302912,N/A,N/A
"Activation Mem, hooked layers (MB, BS=1)",19.906772,9.953386,10.93632,5.80608
Peak RAM during eval (MB above baseline),0.028672,0.004096,0.008192,0.004096
Latency BS=1 mean (ms),5.913999723,9.475950583,24.83551002,35.18263557
Latency BS=1 P95 (ms),7.67836005,11.68676885,35.0929792,47.6727773
Latency BS=1 P99 (ms),9.67001283,18.53923226,37.34954932,50.19218705
Throughput BS=32 full test (samples/s),1498.522446,1785.456741,45.78370316,42.13167697
CPU Utilization (% of 1 core),99.90589261,56.25249563,100.6425058,100.6141822
Quantization Accuracy Drop (pp vs FP32),0,0.005342737,0.144253887,18.04776406
Numerical Error: max |logit diff| vs FP32,0,0.081689835,10.74354935,31.80724144
Numerical Error: mean |logit diff| vs FP32,0,0.004175102,0.284092307,6.472824097
Top-1 agreement with FP32 (%),100,99.89848733,98.78185391,74.26403761
Latency BS=1 (ms/batch),5.68480665,9.7420422,23.5877497,42.387577
Throughput BS=1 (samples/s),175.9074779,102.6478822,42.39488772,23.59181795
Latency BS=8 (ms/batch),6.4049484,9.3597854,171.678322,159.8679746
Throughput BS=8 (samples/s),1249.034262,854.7204512,46.59877793,50.04129203
Latency BS=32 (ms/batch),21.5270004,11.5526562,642.9795855,729.2229493
Throughput BS=32 (samples/s),1486.505291,2769.92576,49.76829859,43.88232711
Latency BS=128 (ms/batch),85.4359779,28.1252595,3473.59969,3116.308799
Throughput BS=128 (samples/s),1498.197869,4551.06912,36.84938146,41.07423501
