,Accuracy (%),Macro-F1,Top-1 agreement with FP32 (%),Latency BS=1 mean (ms),"Throughput, full test (samples/s)",MACs (M),Peak RAM above baseline (MB),Non-zero parameters
FP32,89.70454666880376,0.7510910424991282,100.0,6.236266823336034,1547.6136054651015,645.651456,0.032768,3729269.0
FP16,89.69920393225411,0.7507293046081914,99.89848732948303,6.1426236800025436,3610.596473207152,645.651456,4.100096,3729269.0
INT8_Dynamic,89.56029278196293,0.7473061759887167,98.78185391426086,29.628683333335932,41.0999180450961,,74.645504,3729269.0
INT8_PTQ,71.6567826040498,0.33507805309056987,74.26403760910034,38.20955264000683,41.20037426618885,,0.069632,3729269.0
Unstruct_50,89.11150291179142,0.7358558090509092,95.41593194007874,7.838833879991398,1270.7546076061626,645.651456,0.032768,1959797.0
Unstruct_70,84.7464871507186,0.6233280091434306,89.17561769485474,5.983514190002097,1237.620727109868,645.651456,0.004096,1252021.0
Unstruct_90,65.45920820644334,0.06594692490679957,68.01303625106812,5.97995680997883,1291.1352587526133,645.651456,0.004096,544237.0
Struct_25,89.08478922904311,0.7378232310758845,94.7748064994812,7.927452820003964,1316.8998928812152,551.279616,0.004096,3137909.0
Struct_50,85.42501469252551,0.6468123050207281,89.38932418823242,6.193867479978508,1605.7279834035285,456.907776,0.012288,2546549.0
Gradual_70,85.03499492440028,0.6322653821363888,89.43206667900085,6.192988800048624,1270.5746291592498,645.651456,0.004096,1252020.0
Gradual_90,65.52866378158893,0.06323265307541762,68.07714700698853,6.074061310018806,1331.2642964987658,645.651456,0.016384,544237.0
INT8_unpruned,89.56029278196293,0.7473061759887167,98.78185391426086,24.59298556002068,46.561010036213894,,0.106496,3650304.0
Unstruct_70_INT8,84.61291873697708,0.6195370756021192,88.98327946662903,24.845350330033398,43.23563234611443,,82.45248,1250143.0
Struct_50_INT8,85.27541806913501,0.643865143761562,89.25575613975525,20.94236503002321,58.79253605099857,,3.936256,2496012.0
Gradual_70_INT8,84.96019661270503,0.6305978421088761,89.36795592308044,25.478338720004103,43.57645433738189,,78.516224,1250112.0
